,,,,,,,,,,,,,,
,time,x_state,y_state,vx_state,vx_state,yaw_angle_state,yaw_rate_state,sensor_type,x_measured,y_measured,x_ground_truth,y_ground_truth,vx_ground_truth,vy_ground_truth
0,1.47701E+15,0.783673589,0.727186479,15.63249473,0.005408591,0.000345984,0.006928031,R,0.858931228,0.531354068,0.86,0.6,5.2,0.0018
1,1.47701E+15,1.172499163,0.483524244,9.624571863,-2.179512154,-0.222696897,-2.579629952,L,1.17,0.481,1.12,0.6,5.2,0.00539
2,1.47701E+15,1.02329886,0.548566179,6.730807733,-0.094883373,-0.014095944,2.140674157,R,0.971553225,0.398226482,1.38,0.601,5.2,0.0108
3,1.47701E+15,1.648069476,0.625256225,11.00240034,0.806813003,0.073199615,1.906690288,L,1.65,0.625,1.64,0.601,5.2,0.018
4,1.47701E+15,1.678719701,0.484069503,8.537679948,0.311978495,0.036525116,0.628535783,R,1.625073551,0.499135205,1.9,0.602,5.2,0.0269
5,1.47701E+15,2.189542569,0.647394021,9.843280889,1.424375774,0.143707864,1.505049445,L,2.19,0.649,2.16,0.604,5.2,0.0377
6,1.47701E+15,2.025424086,0.550370629,8.059488759,1.069107727,0.131882092,0.654476044,R,1.962792466,0.555918821,2.42,0.606,5.2,0.0502
7,1.47701E+15,2.65831536,0.666723713,11.52386545,1.382068308,0.119360871,0.128963698,L,2.66,0.666,2.68,0.609,5.19,0.0646
8,1.47701E+15,2.94134546,0.646982804,9.675708641,0.22846114,0.023607439,-1.010107191,R,2.91923255,0.646669405,2.94,0.613,5.19,0.0807
9,1.47701E+15,3.012623128,0.637215037,3.62025615,-0.12921991,-0.035678435,-1.111740772,L,3.01,0.637,3.2,0.617,5.19,0.0985
10,1.47701E+15,3.530521978,0.509420126,4.109960888,-0.61507264,-0.148551676,-1.83147582,R,3.557335779,0.483179217,3.46,0.623,5.19,0.118
11,1.47701E+15,3.889221189,0.314073432,6.461250542,-1.900199351,-0.286027446,-2.362978915,L,3.89,0.312,3.72,0.629,5.19,0.14
12,1.47701E+15,4.238984282,0.637522574,6.376666714,-0.278094299,-0.043583616,1.841314318,R,4.202142194,0.69971493,3.98,0.637,5.19,0.163
13,1.47701E+15,4.311473968,0.580284799,2.684677736,0.019097897,0.007113545,1.366122858,L,4.31,0.579,4.24,0.645,5.18,0.188
14,1.47701E+15,4.607182402,0.676960586,3.220166007,0.297978396,0.092272334,1.555991262,R,4.61894745,0.688639567,4.5,0.655,5.18,0.214
15,1.47701E+15,4.353430001,0.894624381,-2.0429621,-0.54391679,0.260203351,2.601979463,L,4.35,0.899,4.75,0.667,5.18,0.243
16,1.47701E+15,5.131686336,0.740933779,-0.366174738,-0.195373655,0.490128385,3.737395973,R,5.207718251,0.66495911,5.01,0.68,5.17,0.273
17,1.47701E+15,5.513654343,0.651869783,2.308899826,1.916065553,0.692685434,3.919502802,L,5.52,0.648,5.27,0.694,5.17,0.304
18,1.47701E+15,5.256492883,0.672859482,2.449536633,3.045803483,0.89347942,3.884291051,R,5.230829281,0.641346267,5.53,0.71,5.16,0.338
19,1.47701E+15,6.001669,0.714790704,4.347458842,3.733042437,0.709507279,-0.497140253,L,6.02,0.709,5.79,0.728,5.16,0.373
20,1.47701E+15,5.939454843,0.483846414,5.083097044,2.382973351,0.438380367,-3.509439491,R,5.898163593,0.373853218,6.05,0.748,5.15,0.41
21,1.47701E+15,6.339739373,0.945830304,9.098435229,3.332443175,0.351091148,-2.488389879,L,6.34,0.949,6.3,0.769,5.15,0.448
22,1.47701E+15,6.630223361,0.905720267,8.971422185,-0.033086965,-0.003688023,-5.162284858,R,6.617123551,0.838198013,6.56,0.793,5.14,0.488
23,1.47701E+15,6.781893779,0.7160223,4.32197969,-1.650960493,-0.364886271,-6.355865491,L,6.78,0.714,6.82,0.818,5.13,0.53
24,1.47701E+15,7.266355739,0.606236394,3.954732658,-2.773831135,-0.611661834,-5.61840155,R,7.292758368,0.630932154,7.07,0.846,5.13,0.573
25,1.47701E+15,7.137982732,0.949181854,-2.423546071,1.99843247,-0.68955619,-3.267554065,L,7.14,0.957,7.33,0.875,5.12,0.618
26,1.47701E+15,7.993400706,0.959015359,-0.950073429,1.280307934,-0.932392123,-3.948199578,R,8.078619135,0.81872637,7.59,0.907,5.11,0.665
27,1.47701E+15,7.816292168,0.724233973,0.386053041,-0.691394083,-1.061550474,-3.157915269,L,7.81,0.719,7.84,0.942,5.1,0.712
28,1.47701E+15,8.361333262,0.800027939,0.986573462,-2.324477818,-1.169410272,-2.585658228,R,8.403462155,0.885620577,8.1,0.979,5.09,0.762
29,1.47701E+15,8.249067492,0.838404638,-0.140489095,0.467701364,-1.278989063,-2.357500649,L,8.25,0.84,8.35,1.02,5.08,0.813
30,1.47701E+15,8.485533866,1.164934482,0.452683842,-3.677166331,-1.448305929,-3.06059368,R,8.463469489,1.409285,8.6,1.06,5.07,0.865
31,1.47701E+15,8.738403419,1.048526197,0.578039912,-3.082292723,-1.385413893,-0.560446172,L,8.75,1.05,8.86,1.1,5.05,0.919
32,1.47701E+15,9.785779777,1.018138779,3.648141462,-4.70713947,-0.911471875,5.435618367,R,9.884278104,1.14172955,9.11,1.15,5.04,0.974
33,1.47701E+15,9.264250474,1.047861202,-4.268656503,3.1352493,-0.633495077,5.539349016,L,9.26,1.05,9.36,1.2,5.02,1.03
34,1.47701E+15,10.00751545,1.453812089,-3.573316029,2.147851475,-0.54121379,3.661461786,R,10.08546499,1.524268951,9.61,1.26,5.01,1.09
35,1.47701E+15,9.999339446,1.452129141,-1.173212814,0.379477808,-0.312830977,4.190034423,L,10,1.45,9.86,1.31,4.99,1.15
36,1.47701E+15,10.518952,1.642157355,-0.620743248,0.077520372,-0.12423994,3.971246797,R,10.5599014,1.725828051,10.1,1.37,4.97,1.21
37,1.47701E+15,10.2014599,1.462828836,-5.195451787,-0.433675386,0.083279062,4.073955066,L,10.2,1.46,10.4,1.43,4.95,1.27
38,1.47701E+15,10.81087902,1.571886174,-3.97807068,-1.363764986,0.330264747,4.61986543,R,10.86812684,1.698181092,10.6,1.5,4.93,1.33
39,1.47701E+15,10.7006979,1.448825491,-3.045127106,-1.786252001,0.53050351,4.264911917,L,10.7,1.45,10.9,1.57,4.91,1.4
40,1.47701E+15,11.44625161,1.389105852,-1.561786177,-2.035546272,0.916342203,6.220926152,R,11.51093341,1.434716693,11.1,1.64,4.88,1.46
41,1.47701E+15,11.60016542,1.607852562,0.987529258,2.702208029,1.220422038,6.147894083,L,11.6,1.61,11.3,1.71,4.86,1.53
42,1.47701E+15,11.46082833,1.767326513,2.751601118,7.848364118,1.233591096,1.897125351,R,11.49755495,1.53825559,11.6,1.79,4.83,1.6
43,1.47701E+15,11.78498317,1.754691091,2.294336167,1.844785198,0.677211987,-5.636057747,L,11.8,1.75,11.8,1.87,4.81,1.66
44,1.47701E+15,12.10415381,2.044128293,2.936343598,1.174216324,0.380412099,-5.800038013,R,12.11213643,2.141530092,12.1,1.96,4.78,1.73
45,1.47701E+15,12.29747741,1.786654031,2.071734616,-0.072583245,-0.035020687,-7.252393539,L,12.3,1.78,12.3,2.04,4.75,1.8
46,1.47701E+15,12.56039593,1.781878511,2.201559619,-0.914086642,-0.393540412,-7.21240508,R,12.57396467,1.784772411,12.5,2.14,4.71,1.87
47,1.47701E+15,12.59742635,2.171139378,-0.848129157,0.620899873,-0.631934455,-5.797149252,L,12.6,2.18,12.8,2.23,4.68,1.94
48,1.47701E+15,13.21097557,2.47299704,-0.147018068,0.221399589,-0.984614749,-6.501643356,R,13.23357422,2.668803728,13,2.33,4.64,2.02
49,1.47701E+15,13.10275387,2.411636737,-0.052304345,0.192355443,-1.305300403,-6.450736337,L,13.1,2.41,13.2,2.43,4.6,2.09
50,1.47701E+15,12.81312882,2.855447629,0.231351886,4.992301379,-1.617104926,-6.306300441,R,12.7214072,3.126627375,13.5,2.54,4.57,2.16
51,1.47701E+15,13.78844684,2.6229146,-0.858758475,-1.12411573,-2.223160349,-9.672748815,L,13.8,2.62,13.7,2.65,4.52,2.24
52,1.47701E+15,13.81342607,2.734691699,-0.823925995,-0.403233004,-2.6864574,-9.439432975,R,13.83003312,2.745939547,13.9,2.76,4.48,2.31
53,1.47701E+15,14.19603097,2.94101436,6.125819653,-0.025339579,-3.145729151,-9.292377604,L,14.2,2.94,14.1,2.88,4.44,2.39
54,1.47701E+15,14.60550952,2.334197894,5.949885427,-1.229971554,-3.345443134,-6.242017534,R,14.51950551,2.867744717,14.4,3,4.39,2.46
55,1.47701E+15,14.49665765,2.881391923,-1.39760195,-0.707969298,-2.672710796,5.16134258,L,14.5,2.91,14.6,3.13,4.34,2.54
56,1.47701E+15,14.76304229,3.421474411,-0.717288292,-0.641877394,-2.411620889,5.195026238,R,14.6733797,3.966349482,14.8,3.26,4.29,2.61
57,1.47701E+15,14.99342071,3.511370915,1.253669801,2.047662008,-2.120170522,5.563544945,L,15,3.51,15,3.39,4.24,2.69
58,1.47701E+15,15.40823396,3.851168938,0.913508516,3.068483873,-1.860147943,5.399860544,R,15.34912745,4.149010313,15.2,3.53,4.18,2.76
59,1.47701E+15,15.50400755,3.8314775,-0.02011834,0.423796307,-1.523360218,6.17748967,L,15.5,3.83,15.4,3.67,4.13,2.84
60,1.47701E+15,15.66359502,3.692919252,0.177945766,-0.477372223,-1.213990025,6.192738805,R,15.73274698,3.419162561,15.6,3.81,4.07,2.91
61,1.47701E+15,15.99230646,3.9928332,0.430572415,-0.516672986,-0.876044808,6.520473619,L,16,4,15.8,3.96,4.01,2.99
62,1.47701E+15,16.36006356,4.100733646,0.830301883,-0.488093152,-0.531437942,6.725283377,R,16.36200288,4.230231882,16,4.11,3.94,3.06
63,1.47701E+15,16.30051935,4.432725982,-0.732207403,0.114885815,-0.155634485,7.184076888,L,16.3,4.44,16.2,4.26,3.88,3.14
64,1.47701E+15,16.66542698,4.503137587,-0.390081234,-0.083580328,0.21107248,7.281407268,R,16.71409077,4.464209868,16.4,4.42,3.81,3.21
65,1.47701E+15,16.60238654,4.667073753,0.735254371,0.468340141,0.567165683,7.189364652,L,16.6,4.67,16.6,4.58,3.74,3.28
66,1.47701E+15,16.96183654,4.924981722,0.733436059,0.932147695,0.904141406,6.928638704,R,16.94565623,5.112214282,16.8,4.75,3.67,3.36
67,1.47701E+15,16.99842062,5.208908801,1.463542442,4.292198209,1.242181991,6.82905683,L,17,5.21,17,4.92,3.59,3.43
68,1.47701E+15,17.22803134,5.105278739,0.037071945,0.037824154,0.795441203,-4.040177045,R,17.38572992,4.662230695,17.2,5.09,3.52,3.5
69,1.47701E+15,17.30174915,5.436262156,3.511106204,2.374071176,0.59454646,-4.027276967,L,17.3,5.44,17.3,5.27,3.44,3.57
70,1.47701E+15,17.499505,5.365208753,4.078885719,1.104850776,0.264523229,-5.518056155,R,17.67074332,4.757607659,17.5,5.45,3.36,3.64
71,1.47701E+15,17.79991247,5.617194807,6.337396806,0.335948716,0.052960951,-4.773065979,L,17.8,5.62,17.7,5.64,3.28,3.71
72,1.47701E+15,18.01209838,5.746190224,6.206242032,-0.584653167,-0.093926861,-3.701706383,R,17.89849304,6.070745156,17.8,5.82,3.19,3.77
73,1.47701E+15,18.10074132,6.16126292,2.385962917,0.062177305,0.026053731,-0.169349713,L,18.1,6.17,18,6.01,3.1,3.84
74,1.47701E+15,18.30784879,6.378099887,2.477036798,0.185435083,0.074722279,0.490217319,R,18.1700303,6.797793685,18.1,6.21,3.02,3.9
75,1.47701E+15,18.2019702,6.654526665,-0.422701853,-0.076274981,0.178525189,1.408646925,L,18.2,6.66,18.3,6.4,2.92,3.97
76,1.47701E+15,18.44990342,6.824622438,-0.180759871,-0.04503705,0.244182298,1.354622777,R,18.40223809,7.031901101,18.4,6.6,2.83,4.03
77,1.47701E+15,18.49919934,6.761386506,0.300736767,0.097510327,0.313542659,1.373498579,L,18.5,6.76,18.6,6.81,2.74,4.09
78,1.47701E+15,18.89975999,7.012863677,0.496321898,0.200828711,0.384494804,1.399078762,R,18.84758397,7.266951117,18.7,7.01,2.64,4.15
79,1.47701E+15,19.09918647,7.17863919,3.470909972,1.706910208,0.457046787,1.428942394,L,19.1,7.18,18.8,7.22,2.54,4.2
80,1.47701E+15,18.69289123,7.249892917,3.16759861,2.192433571,0.605433828,2.32236024,R,18.57329271,7.418409388,19,7.43,2.44,4.26
81,1.47701E+15,18.99942819,7.866851796,7.663222565,7.313672412,0.762063106,2.786146855,L,19,7.87,19.1,7.65,2.33,4.31
82,1.47701E+15,19.08249222,8.281931862,7.910464409,6.178742626,0.663100329,0.019422718,R,19.33161607,7.67649791,19.2,7.86,2.23,4.36
83,1.47701E+15,19.09818327,8.137281485,1.487920223,0.431367879,0.282177457,-4.402362739,L,19.1,8.13,19.3,8.08,2.12,4.41
84,1.47701E+15,19.0474749,8.136324859,1.667012278,0.104685886,0.062716152,-4.392639408,R,19.01725392,8.175209678,19.4,8.3,2.01,4.45
85,1.47701E+15,19.29910164,8.306668086,4.251737397,-0.538214383,-0.125917203,-4.033710725,L,19.3,8.31,19.5,8.53,1.9,4.5
86,1.47701E+15,19.69096906,8.33038316,4.126235711,-1.164198507,-0.27499704,-3.440028359,R,19.69399876,8.372957243,19.6,8.75,1.79,4.54
87,1.47701E+15,19.99629544,8.877044982,3.252845805,-0.401092868,-0.122685942,0.315171824,L,20,8.89,19.7,8.98,1.68,4.58
88,1.47701E+15,19.90417351,8.939111317,3.284913606,-0.251161923,-0.076310744,0.683390741,R,19.62025477,9.501873646,19.8,9.21,1.56,4.61
89,1.47701E+15,20.19895228,9.449450916,4.954082628,0.7744866,0.155077763,2.966639167,L,20.2,9.46,19.8,9.44,1.45,4.65
90,1.47701E+15,19.8194597,9.448428008,4.603514953,1.709607198,0.355584384,3.625621405,R,19.60406553,9.761691171,19.9,9.68,1.33,4.68
91,1.47701E+15,20.19879474,9.908286746,8.310407764,5.178172005,0.557228123,3.853772585,L,20.2,9.91,20,9.91,1.21,4.71
92,1.47701E+15,19.72984793,10.68029316,3.44605804,8.817075483,1.198212119,9.061551581,R,19.18960276,11.5550485,20,10.1,1.09,4.73
93,1.47701E+15,20.18112265,10.49936765,-1.376562472,-1.449453133,0.811185177,-0.579402895,L,20.2,10.5,20.1,10.4,0.968,4.76
94,1.47701E+15,19.87916023,10.37984961,-1.245472198,-1.122155111,0.733360516,-1.139914566,R,19.63633182,10.77842626,20.1,10.6,0.846,4.78
95,1.47701E+15,20.39848352,10.99412379,8.994860805,6.744387463,0.643376002,-1.521876841,L,20.4,11,20.2,10.9,0.722,4.79
96,1.47701E+15,19.9101736,11.63076924,6.125310505,8.884911118,0.967215912,3.098177806,R,19.41321354,12.33398315,20.2,11.1,0.598,4.81
97,1.47701E+15,20.28623748,11.30893921,0.433180436,0.105918702,0.239808787,-7.087758248,L,20.3,11.3,20.2,11.3,0.473,4.82
98,1.47701E+15,19.81257082,11.365101,0.528937783,-0.055559638,-0.104656246,-6.969289674,R,19.23216663,12.2459694,20.2,11.6,0.347,4.83
99,1.47701E+15,20.59407941,11.88773194,9.831435316,-4.328364206,-0.414722679,-6.524683958,L,20.6,11.9,20.3,11.8,0.22,4.83
100,1.47701E+15,20.43688191,11.27900587,6.164819522,-8.947618313,-0.967497909,-8.975159259,R,19.98461228,11.97936861,20.3,12.1,0.0935,4.83
101,1.47701E+15,20.28997249,12.4829477,-11.97468992,4.702454153,-0.374197,3.090941891,L,20.3,12.5,20.3,12.3,-0.0339,4.83
102,1.47701E+15,19.84566936,12.75278697,-11.98713139,2.709796961,-0.222322028,3.120286272,R,20.0202526,12.49597878,20.3,12.6,-0.162,4.82
103,1.47701E+15,20.49197257,12.89924389,6.175436228,-0.655609124,-0.105767843,2.72563319,L,20.5,12.9,20.3,12.8,-0.289,4.82
104,1.47701E+15,20.65325055,12.65771091,6.034224453,-0.721658063,-0.119028837,1.021926039,R,20.87993111,12.23390686,20.2,13,-0.417,4.8
105,1.47701E+15,20.20445251,13.19001262,-5.089887962,-1.412102982,0.270626759,4.94827483,L,20.2,13.2,20.2,13.3,-0.545,4.79
106,1.47701E+15,20.08472933,13.12171609,-4.375615845,-2.124927047,0.452085057,4.198681244,R,19.83511796,13.51177618,20.2,13.5,-0.673,4.77
107,1.47701E+15,20.30378982,13.88901439,8.185849259,3.30588769,0.38382434,1.002027072,L,20.3,13.9,20.1,13.8,-0.801,4.75
108,1.47701E+15,20.18760974,13.80326573,8.142273958,2.344755623,0.28038672,-0.726009371,R,20.3155869,13.5143231,20.1,14,-0.928,4.72
109,1.47701E+15,20.10419813,14.29463062,2.640091857,1.585311016,0.540769209,2.709294687,L,20.1,14.3,20.1,14.2,-1.05,4.7
110,1.47701E+15,19.82296985,14.28707107,2.273506063,1.951479346,0.709325644,3.104874503,R,19.68708153,14.41453506,20,14.5,-1.18,4.66
111,1.47701E+15,19.80274646,14.79651048,3.981002736,5.361340983,0.932087628,3.88365941,L,19.8,14.8,19.9,14.7,-1.31,4.63
112,1.47701E+15,19.52621903,14.84316477,2.984732233,5.420073955,1.067430357,3.179711477,R,20.09540165,14.01516438,19.9,14.9,-1.43,4.59
113,1.47701E+15,19.98577267,15.20247482,6.036598731,5.984012671,0.781023534,-1.981456054,L,20,15.2,19.8,15.1,-1.56,4.55
114,1.47701E+15,19.88974441,15.51186052,6.301366623,4.924939282,0.663399723,-2.197473532,R,20.00014861,15.33082045,19.7,15.4,-1.68,4.5
115,1.47701E+15,19.89963114,15.60346038,2.805935058,1.256312851,0.420968018,-3.732332096,L,19.9,15.6,19.6,15.6,-1.8,4.45
116,1.47701E+15,19.7486031,15.39218549,2.947962841,0.521472832,0.175081442,-4.404449554,R,19.93231446,15.08982572,19.5,15.8,-1.92,4.4
117,1.47701E+15,19.50427953,15.9879585,-1.189858147,-0.200674654,0.167081934,-1.947123343,L,19.5,16,19.4,16,-2.04,4.35
118,1.47701E+15,19.30752504,15.90440362,-1.090661796,-0.081662116,0.074734464,-1.892363207,R,19.18532331,16.02882932,19.3,16.3,-2.16,4.29
119,1.47701E+15,19.20084755,16.29177889,-1.423086233,0.10124938,-0.071028061,-2.484561338,L,19.2,16.3,19.2,16.5,-2.28,4.23
120,1.47701E+15,19.26597429,16.37727492,-1.312304441,0.276103298,-0.207371214,-2.620515824,R,19.36679637,16.27934883,19.1,16.7,-2.39,4.16
121,1.47701E+15,19.00010916,16.7928858,-5.017646123,2.069235982,-0.391143086,-3.231263248,L,19,16.8,19,16.9,-2.5,4.1
122,1.47701E+15,19.09774002,17.43202818,-3.653298079,4.01658853,-0.832728607,-6.450810678,R,18.86223297,17.74897652,18.8,17.1,-2.62,4.02
123,1.47701E+15,18.61031928,17.4079521,-4.244510169,4.236711157,-0.784478601,-2.157448406,L,18.6,17.4,18.7,17.3,-2.73,3.95
124,1.47701E+15,18.45180655,17.49163699,-4.488600695,3.733513344,-0.693818887,0.177994125,R,18.8254588,17.05174773,18.6,17.5,-2.83,3.87
125,1.47701E+15,18.10460081,17.6045556,-5.804906639,3.049640496,-0.483725765,2.50753657,L,18.1,17.6,18.4,17.7,-2.94,3.8
126,1.47701E+15,17.96350049,17.80673222,-5.943647221,2.235670076,-0.35977367,2.52581367,R,18.28597949,17.4846491,18.3,17.9,-3.04,3.71
127,1.47701E+15,18.19630816,17.99811849,1.131374807,-0.373228865,-0.318648065,1.550305164,L,18.2,18,18.1,18,-3.14,3.63
128,1.47701E+15,18.09399988,17.72178676,1.108059741,-0.316874165,-0.278537994,1.121502155,R,18.28597949,17.4846491,18,18.2,-3.24,3.54
129,1.47701E+15,17.90010967,18.19069666,-3.760935296,0.61822792,-0.162924383,1.811458172,L,17.9,18.2,17.8,18.4,-3.34,3.45
130,1.47701E+15,18.32029659,18.63695624,-3.585868928,0.870709109,-0.238206633,-0.032663077,R,18.88206385,18.1633605,17.6,18.6,-3.43,3.36
131,1.47701E+15,17.4054962,18.70282281,-14.07150138,2.252107742,-0.158701516,0.906809071,L,17.4,18.7,17.5,18.7,-3.52,3.27
132,1.47701E+15,17.02975249,18.82403592,-13.69554356,1.094407079,-0.079740281,1.434448225,R,17.82346173,18.09652486,17.3,18.9,-3.61,3.17
133,1.47701E+15,17.1945832,18.89938331,-1.219293796,0.052604852,-0.043116966,1.049681565,L,17.2,18.9,17.1,19.1,-3.7,3.07
134,1.47701E+15,17.34411275,19.31328133,-1.183566871,0.055607167,-0.046948176,0.405730405,R,16.94366179,19.72086015,16.9,19.2,-3.78,2.97
135,1.47701E+15,16.60439582,19.10458488,-11.11321069,-0.049898527,0.004489989,0.766014977,L,16.6,19.1,16.7,19.3,-3.86,2.86
136,1.47701E+15,16.43201142,19.93466382,-8.68181919,6.828497911,-0.666472442,-7.301650701,R,16.18072183,20.22360603,16.5,19.5,-3.94,2.76
137,1.47701E+15,16.20553364,19.61137137,-2.520325589,0.736215929,-0.28420396,1.351943765,L,16.2,19.6,16.3,19.6,-4.02,2.65
138,1.47701E+15,15.79226428,18.9520134,-2.569905834,-0.020107806,0.007824176,3.934022627,R,16.45618909,18.28534497,16.1,19.8,-4.09,2.54
139,1.47701E+15,15.90290322,19.88223883,4.927292759,-0.257329156,-0.052177859,0.968329553,L,15.9,19.9,15.9,19.9,-4.16,2.43
140,1.47701E+15,15.98857761,19.52146215,4.676522218,-0.879319336,-0.185858427,-1.114927794,R,16.26888195,19.24482996,15.7,20,-4.22,2.32
141,1.47701E+15,15.40345125,20.18779535,-8.949797193,-0.597749453,0.066690116,2.454842609,L,15.4,20.2,15.5,20.1,-4.28,2.21
142,1.47701E+15,15.1050579,20.73250098,-8.352150687,2.720972959,-0.314938228,-3.288487321,R,14.35813836,21.31510879,15.3,20.2,-4.34,2.09
143,1.47701E+15,15.19872584,20.40791522,0.434473484,-0.053283208,-0.122029225,0.849106064,L,15.2,20.4,15.1,20.3,-4.4,1.98
144,1.47701E+15,14.8447812,19.93688072,0.35152194,-0.036444775,-0.103308003,0.57976934,R,14.74664366,19.93932047,14.8,20.4,-4.45,1.86
145,1.47701E+15,14.70036019,20.58652007,-2.58694501,0.122739763,-0.04741028,0.891403096,L,14.7,20.6,14.6,20.5,-4.5,1.74
146,1.47701E+15,14.43361468,20.66009462,-2.580426458,0.075421342,-0.029219928,0.572960328,R,13.86909251,21.04015857,14.4,20.6,-4.55,1.62
147,1.47701E+15,14.10128083,20.60116298,-5.573639138,-0.090095112,0.016163096,0.766345791,L,14.1,20.6,14.2,20.7,-4.6,1.5
148,1.47701E+15,13.90240843,20.75750184,-5.467334431,0.253309026,-0.046298248,-0.382964661,R,13.80073915,20.84561342,13.9,20.7,-4.64,1.38
149,1.47701E+15,13.50088152,20.7016336,-7.303859312,0.100349631,-0.013738397,0.215754453,L,13.5,20.7,13.7,20.8,-4.67,1.26
150,1.47701E+15,13.34233379,20.76933791,-7.168854941,0.2456134,-0.03424778,-0.091207941,R,13.84039976,20.45808726,13.5,20.9,-4.71,1.14
151,1.47701E+15,13.09926432,20.79986473,-5.485399903,0.248084844,-0.045195594,-0.16516019,L,13.1,20.8,13.2,20.9,-4.74,1.02
152,1.47701E+15,13.10659607,21.23779851,-5.296763584,1.535005312,-0.282073489,-2.754581712,R,13.29651803,21.17079612,13,21,-4.77,0.898
153,1.47701E+15,12.90095202,21.10519902,-3.701413451,0.970838254,-0.256510472,-0.863825412,L,12.9,21.1,12.8,21,-4.79,0.775
154,1.47701E+15,12.4179524,21.14369233,-3.782341767,0.989933522,-0.255983183,-0.408222165,R,11.54754492,21.60796627,12.5,21,-4.81,0.653
155,1.47701E+15,12.2008573,21.10278569,-3.881922215,0.837462842,-0.212477682,0.331864743,L,12.2,21.1,12.3,21.1,-4.83,0.531
156,1.47701E+15,12.13779586,21.26752734,-3.954748157,0.958477475,-0.237776375,-0.131345765,R,12.4023963,21.12890357,12,21.1,-4.85,0.409
157,1.47701E+15,11.70345396,20.90933266,-6.038887352,0.11337298,-0.018771614,2.480536261,L,11.7,20.9,11.8,21.1,-4.86,0.287
158,1.47701E+15,11.43041977,20.76728421,-5.854831451,-0.920843205,0.156001255,3.068510221,R,11.58626834,20.67482493,11.5,21.1,-4.87,0.165
159,1.47701E+15,11.40068067,21.0927188,-0.189043801,-0.01452711,0.07669448,0.382871424,L,11.4,21.1,11.3,21.1,-4.88,0.0441
160,1.47701E+15,10.90425814,20.44950994,-0.406393661,-0.043911198,0.107633317,0.514985315,R,10.4780704,20.58689002,11.1,21.1,-4.88,-0.0766
161,1.47701E+15,10.90101444,20.89082558,0.782297747,0.088037393,0.112065438,0.268177304,L,10.9,20.9,10.8,21.1,-4.88,-0.197
162,1.47701E+15,10.50404639,20.82837913,0.530871463,0.068796106,0.128872673,0.322438985,R,9.304611035,21.36151243,10.6,21.1,-4.88,-0.316
163,1.47701E+15,10.20314989,21.19192182,-3.356537763,-0.577878566,0.17049366,0.617750679,L,10.2,21.2,10.3,21.1,-4.87,-0.435
164,1.47701E+15,10.06962991,21.22289142,-3.430383781,-0.585365691,0.169013532,0.251588519,R,10.02650549,21.25368645,10.1,21.1,-4.87,-0.552
165,1.47701E+15,9.998873546,21.00330342,-2.47042563,-0.628770278,0.249227303,1.034794527,L,10,21,9.84,21,-4.86,-0.669
166,1.47701E+15,9.777323593,20.93349144,-2.511635592,-0.737114141,0.285464215,0.842787999,R,9.436059884,21.08484702,9.59,21,-4.84,-0.785
167,1.47701E+15,9.541312194,20.89851405,-3.941289608,-1.223600229,0.301022383,0.534713238,L,9.54,20.9,9.35,21,-4.83,-0.9
168,1.47701E+15,9.513107033,21.0208444,-4.02060292,-1.044898313,0.254261251,-0.271545291,R,9.646433041,20.98943376,9.11,20.9,-4.81,-1.01
169,1.47701E+15,8.704117782,20.80010459,-13.07791229,-2.94706193,0.221644234,-0.49202889,L,8.7,20.8,8.87,20.9,-4.79,-1.13
170,1.47701E+15,8.613216274,20.54854954,-11.87022341,-4.335069448,0.350156078,1.662474147,R,9.915951823,19.97408069,8.63,20.8,-4.77,-1.24
171,1.47701E+15,8.22100864,20.49511047,-8.800117111,-0.828567904,0.093877435,-2.260447798,L,8.22,20.5,8.4,20.7,-4.74,-1.35
172,1.47701E+15,7.923780426,20.61179999,-8.90661958,1.07337544,-0.11993594,-3.324462656,R,8.213683177,20.51695418,8.16,20.7,-4.71,-1.46
173,1.47701E+15,7.887874631,20.40496397,-2.549824844,0.119919916,-0.046996019,-0.555171331,L,7.89,20.4,7.92,20.6,-4.68,-1.56
174,1.47701E+15,7.976259249,20.78280913,-2.902146798,0.503814974,-0.171887711,-1.638285086,R,8.288015151,20.70262797,7.69,20.5,-4.65,-1.67
175,1.47701E+15,7.18566224,20.41008991,-11.2456913,0.830537407,-0.073719995,0.446859699,L,7.18,20.4,7.46,20.4,-4.62,-1.77
176,1.47701E+15,6.725557036,20.22293684,-10.77360078,-1.934969749,0.177708256,3.187123812,R,7.119263588,20.07501148,7.23,20.3,-4.58,-1.87
177,1.47701E+15,6.816913919,20.19755977,-1.793896678,-0.496643712,0.270087096,2.439408744,L,6.82,20.2,7,20.2,-4.55,-1.97
178,1.47701E+15,6.794349309,20.17988194,-2.021304402,-0.831574511,0.39029935,2.43154128,R,6.918160859,20.14519919,6.77,20.1,-4.51,-2.07
179,1.47701E+15,6.393199196,19.99900908,-6.173665196,-3.233458318,0.482466735,2.08877761,L,6.39,20,6.55,20,-4.47,-2.17
180,1.47701E+15,6.467507631,20.23430359,-6.139392685,-2.805107858,0.428579737,0.529143149,R,6.716366319,20.21337239,6.33,19.9,-4.43,-2.27
181,1.47701E+15,5.862577516,19.80045596,-11.43644825,-5.263216959,0.431315595,0.252645917,L,5.86,19.8,6.11,19.8,-4.38,-2.36
182,1.47701E+15,5.374232633,19.46294854,-11.58715043,-3.337559575,0.280448267,-1.633269391,R,5.208570657,19.51693602,5.89,19.7,-4.34,-2.45
183,1.47701E+15,5.685024034,19.59621996,1.704908989,0.056843487,0.033328722,-3.548975949,L,5.69,19.6,5.67,19.6,-4.29,-2.54
184,1.47701E+15,5.683753994,19.11715998,0.9797013,-0.235482802,-0.235887081,-4.601887586,R,5.895989371,19.00650703,5.46,19.4,-4.24,-2.63
185,1.47701E+15,5.172849692,19.39576599,-7.192531981,3.437336979,-0.445814752,-4.368372847,L,5.17,19.4,5.25,19.3,-4.19,-2.72
186,1.47701E+15,5.047645984,19.57195719,-8.552753469,4.334387826,-0.469059065,-1.695833284,R,5.791647235,19.35192038,5.04,19.2,-4.15,-2.8
187,1.47701E+15,4.892953908,19.01247045,-0.866933366,-0.099393054,0.114150606,6.038969686,L,4.89,19,4.84,19,-4.09,-2.88
188,1.47701E+15,4.617677461,18.95272906,-1.464232458,-0.618680933,0.399775977,5.831183528,R,4.080153985,19.06835975,4.63,18.9,-4.04,-2.96
189,1.47701E+15,4.4714367,18.79986725,-2.748751543,-2.231644964,0.681940474,5.720814463,L,4.47,18.8,4.43,18.7,-3.99,-3.04
190,1.47701E+15,4.583381634,18.54348115,-1.974187695,-3.043267384,0.995330875,6.03764909,R,4.740151127,18.50245841,4.23,18.6,-3.94,-3.12
191,1.47701E+15,4.271403592,18.49821754,-1.020669575,-1.954811551,1.089600324,3.63644574,L,4.26,18.5,4.04,18.4,-3.88,-3.19
192,1.47701E+15,4.13982455,18.62384305,-1.173860403,-3.045884193,1.202945846,2.863973812,R,3.434427874,18.78868556,3.85,18.2,-3.83,-3.27
193,1.47701E+15,3.478338563,18.19953761,-4.228773113,-7.376532787,1.050260286,-0.566351611,L,3.46,18.2,3.66,18.1,-3.77,-3.34
194,1.47701E+15,3.904163628,17.95157248,-3.040203631,-6.130467585,1.110420379,0.6455067,R,4.209051664,17.91211557,3.47,17.9,-3.72,-3.41
195,1.47701E+15,3.148307865,17.6941709,-8.61493193,-4.495993133,0.481000963,-7.01733584,L,3.13,17.7,3.28,17.7,-3.66,-3.47
196,1.47701E+15,2.743140733,17.8470747,-11.04701518,1.403418595,-0.126363619,-9.438435139,R,2.719081005,17.89459691,3.1,17.6,-3.61,-3.54
197,1.47701E+15,2.935678527,17.80354257,-0.080467473,0.034656688,-0.406681831,-7.219793188,L,2.94,17.8,2.92,17.4,-3.55,-3.6
198,1.47701E+15,2.878284438,17.22057534,-2.432367805,2.302607691,-0.75800042,-7.095969445,R,3.299750465,17.08425143,2.75,17.2,-3.49,-3.66
199,1.47701E+15,2.557149862,17.10673592,-1.872274371,2.553221906,-0.938069997,-5.072792392,L,2.55,17.1,2.57,17,-3.44,-3.72
200,1.47701E+15,2.229476137,16.99301233,9.512006417,-4.454551884,2.703618257,51.9321713,R,2.568855535,16.90594514,2.4,16.8,-3.38,-3.78
201,1.47701E+15,2.256563777,16.7781935,3.044279286,7.403499616,4.322269466,40.74405806,L,2.25,16.8,2.24,16.6,-3.32,-3.84
202,1.47701E+15,2.884299856,15.86768155,-8.334699643,5.063922222,5.737217447,33.06254053,R,1.620074308,16.01828203,2.07,16.4,-3.27,-3.89
203,1.47701E+15,1.954312731,16.11445068,-0.641551794,-5.479438227,4.595836139,1.158033442,L,1.89,16.1,1.91,16.3,-3.21,-3.94
204,1.47701E+15,2.718620229,16.16442285,-1.505028958,-3.730504478,4.328921938,-2.690419907,R,1.813344389,16.29944116,1.75,16.1,-3.16,-3.99
205,1.47701E+15,1.491534052,16.08727742,-8.717561941,-1.527825437,3.315088973,-12.8719387,L,1.45,16.1,1.59,15.9,-3.1,-4.04
206,1.47701E+15,1.255773293,15.46247415,-15.69028288,1.188211587,3.066007787,-4.38998414,R,1.569761441,15.52081986,1.44,15.7,-3.05,-4.09
207,1.47701E+15,1.173520184,15.37745318,3.680460309,3.819981817,0.803997789,-28.04000959,L,1.18,15.4,1.29,15.4,-2.99,-4.13
208,1.47701E+15,1.056918555,15.55947309,1.558266906,-0.910868458,-0.528973866,-27.3566195,R,0.792081965,15.57987825,1.14,15.2,-2.94,-4.18
209,1.47701E+15,0.729826499,15.00920581,-0.174401943,-0.372175849,-2.009010649,-28.65584312,L,0.723,15,0.996,15,-2.89,-4.22
210,1.47701E+15,0.693205207,15.12232775,-12.0979536,1.276602833,-3.246725801,-25.79052264,R,1.075205465,15.1619238,0.854,14.8,-2.83,-4.26
211,1.47701E+15,0.736847626,14.73565672,-1.004546323,-1.744754805,-2.09319568,2.497571998,L,0.737,14.7,0.713,14.6,-2.78,-4.3
212,1.47701E+15,0.569751743,14.31453742,-1.658310367,-4.199043081,-1.946920738,2.672695253,R,0.726075135,14.28155506,0.576,14.4,-2.73,-4.34
213,1.47701E+15,0.250136759,14.20012453,-0.654312363,-3.625392736,-1.749354558,3.413833235,L,0.253,14.2,0.44,14.2,-2.68,-4.37
214,1.47701E+15,-0.015167087,13.99366733,0.019237071,-5.029746782,-1.566971686,3.555240231,R,0.011148574,13.99999556,0.308,14,-2.63,-4.41
215,1.47701E+15,0.443469705,13.69714074,4.012869143,-6.166826522,-0.993916057,8.128671006,L,0.459,13.7,0.178,13.7,-2.58,-4.44
216,1.47701E+15,0.15607946,13.59392943,-0.984595291,0.893221851,-0.736777121,5.653342951,R,0.010830043,13.59999569,0.0497,13.5,-2.53,-4.47
217,1.47701E+15,-0.185916435,13.30795457,-3.562881239,1.461250438,-0.389209949,6.403152394,L,-0.19,13.3,-0.0758,13.3,-2.49,-4.5
218,1.47701E+15,-0.123832958,13.11955773,2.741269885,1.092988726,0.379399168,12.71738157,R,-0.251552657,13.09758456,-0.199,13.1,-2.44,-4.53
219,1.47701E+15,0.039708275,12.90322196,-1.018227464,-1.319432677,0.913541148,11.55479479,L,0.0462,12.9,-0.32,12.8,-2.4,-4.56
220,1.47701E+15,-0.263473698,12.43145188,-0.77264201,-4.255960381,1.391208717,10.3700092,R,-0.733696762,12.37827488,-0.439,12.6,-2.35,-4.58
221,1.47701E+15,-0.465103318,12.40444666,-0.010688728,0.120172146,1.659508012,7.490516504,L,-0.476,12.4,-0.555,12.4,-2.31,-4.61
222,1.47701E+15,-0.66584735,12.5529583,1.794967335,-3.549997355,2.038933786,7.55858611,R,-0.996923199,12.56049936,-0.67,12.1,-2.27,-4.63
223,1.47701E+15,-0.57407784,12.01492885,2.836093274,-5.608988151,2.03894071,3.176543033,L,-0.583,12,-0.782,11.9,-2.23,-4.65
224,1.47701E+15,-0.699645386,11.75824318,0.211973415,-2.366623512,1.660125822,-2.853580641,R,-1.275145001,11.63030547,-0.893,11.7,-2.19,-4.68
225,1.47701E+15,-1.154469666,11.40231843,-1.239672374,-5.08810081,1.331811055,-5.003051159,L,-1.17,11.4,-1,11.4,-2.16,-4.7
226,1.47701E+15,-0.891102728,10.97440901,-2.765906999,-4.27364869,0.996391732,-6.358461125,R,-0.870329777,10.96551531,-1.11,11.2,-2.12,-4.72
227,1.47701E+15,-1.378586967,10.99347784,-4.729604304,-1.639126883,0.333613598,-10.35151967,L,-1.39,11,-1.21,11,-2.09,-4.73
228,1.47701E+15,-1.367865396,10.92073608,-1.502935528,0.234424451,-0.154730936,-10.01148866,R,-1.308137262,10.92194016,-1.32,10.7,-2.05,-4.75
229,1.47701E+15,-1.49814532,10.41138752,-0.971213064,0.603742629,-0.556177808,-8.863695497,L,-1.5,10.4,-1.42,10.5,-2.02,-4.77
230,1.47701E+15,-1.487245833,10.02278832,1.362083549,-1.91015423,-0.951348878,-8.313311047,R,-1.601173207,9.972273781,-1.52,10.3,-1.99,-4.78
231,1.47701E+15,-1.621187073,10.19694361,-0.613388901,2.52122425,-1.332142765,-7.909526847,L,-1.62,10.2,-1.62,10,-1.96,-4.8
232,1.47701E+15,-1.501348021,9.981305534,-1.05403716,-6.393763531,-1.734180761,-8.132482535,R,-1.601173207,9.972273781,-1.72,9.78,-1.93,-4.81
233,1.47701E+15,-1.738770812,9.711161446,-1.73873215,-5.954832625,-1.854885388,-4.821834607,L,-1.73,9.71,-1.81,9.54,-1.91,-4.82
234,1.47701E+15,-2.317725524,9.370146347,-2.578655014,-7.62523936,-1.896896821,-2.155403181,R,-2.283996029,9.365519854,-1.91,9.29,-1.89,-4.83
235,1.47701E+15,-1.963186833,8.777151929,4.560393797,-7.434942707,-1.020601656,9.23903412,L,-1.94,8.77,-2,9.05,-1.86,-4.84
236,1.47701E+15,-1.87168586,9.08297383,8.582784916,-2.078881426,-0.23763853,12.29696324,R,-1.939740555,9.136356308,-2.09,8.81,-1.84,-4.85
237,1.47701E+15,-2.177884289,8.54676319,-5.822170657,-1.143041593,0.193860073,10.31550293,L,-2.18,8.54,-2.18,8.57,-1.82,-4.86
238,1.47701E+15,-2.474286399,8.256530703,-3.191229821,-3.035679692,0.760423048,11.49343772,R,-2.623067475,8.211206795,-2.27,8.32,-1.8,-4.87
239,1.47701E+15,-2.220418727,8.149460763,-0.683461113,-2.982519947,1.345530073,11.62026965,L,-2.22,8.15,-2.36,8.08,-1.79,-4.88
240,1.47701E+15,-2.164636907,8.511769613,1.294667297,-3.538935539,1.921508022,11.57525284,R,-2.260662211,8.525362536,-2.45,7.84,-1.77,-4.88
241,1.47701E+15,-2.587523502,7.625282739,-0.10007653,0.272323145,1.922968297,4.906315802,L,-2.6,7.6,-2.54,7.59,-1.76,-4.89
242,1.47701E+15,-2.950255169,7.452573149,0.828583464,-1.183118601,2.181749412,5.065146936,R,-3.113364874,7.380180158,-2.63,7.35,-1.75,-4.9
243,1.47701E+15,-2.796198138,7.067840209,3.84235348,-3.76584107,2.36625073,4.266496058,L,-2.8,7.06,-2.72,7.1,-1.74,-4.9
244,1.47701E+15,-2.649128485,7.28710603,3.271458368,-3.629943324,2.304297343,0.93446103,R,-2.789547363,7.209114058,-2.8,6.86,-1.73,-4.9
245,1.47701E+15,-2.736027083,6.882513171,1.309576357,-4.307811518,1.865919146,-4.682346918,L,-2.75,6.87,-2.89,6.61,-1.72,-4.91
246,1.47701E+15,-2.533772538,6.424618984,-0.630158813,-3.839617662,1.408126313,-7.469647125,R,-2.606833624,6.356203148,-2.98,6.37,-1.72,-4.91
247,1.47701E+15,-2.887651096,6.228540456,-3.306629352,-3.36097136,0.793548142,-10.26128481,L,-2.9,6.23,-3.06,6.12,-1.71,-4.91
248,1.47701E+15,-3.364262838,6.158863031,-2.666854351,-0.416602717,0.1549626,-11.41971173,R,-3.493169945,6.112230667,-3.15,5.88,-1.71,-4.91
249,1.47701E+15,-3.183712388,5.542951637,0.489459649,-0.105674276,-0.212636114,-9.0647006,L,-3.18,5.53,-3.23,5.63,-1.71,-4.91
250,1.47701E+15,-3.160662611,5.243349749,1.035445264,-0.841237355,-0.682280532,-9.254565572,R,-3.184249868,5.202936937,-3.32,5.38,-1.71,-4.91
251,1.47701E+15,-3.425956958,5.112684551,-0.557850975,1.345168483,-1.177676023,-9.632815257,L,-3.43,5.11,-3.4,5.14,-1.72,-4.91
252,1.47701E+15,-3.414703162,4.940722933,-0.979409781,-6.3302277,-1.724298714,-10.67219138,R,-3.444731717,4.937025765,-3.49,4.89,-1.72,-4.91
253,1.47701E+15,-3.698340098,4.521906347,-3.384013569,-7.703765002,-1.984689343,-7.508611455,L,-3.69,4.52,-3.58,4.65,-1.73,-4.9
254,1.47701E+15,-3.613299545,4.209852652,-0.493446191,-9.925329314,-1.620471278,0.589731701,R,-3.507665882,4.171184491,-3.66,4.4,-1.74,-4.9
255,1.47701E+15,-4.006837448,4.048172641,1.579036598,-4.804075835,-1.253233412,4.503045064,L,-4,4.05,-3.75,4.16,-1.75,-4.89
256,1.47701E+15,-4.098226373,4.055224126,2.566742739,-3.125489494,-0.883244223,6.285914488,R,-4.061681584,4.112315979,-3.84,3.91,-1.76,-4.89
257,1.47701E+15,-3.880309549,3.7510866,4.847041153,-3.24299601,-0.589662636,6.04207381,L,-3.88,3.75,-3.93,3.67,-1.77,-4.88
258,1.47701E+15,-4.166986379,3.888889764,4.782454884,-1.008163303,-0.207762648,6.828994385,R,-4.240013864,3.883913288,-4.02,3.43,-1.79,-4.88
259,1.47701E+15,-4.151455665,3.232035099,-1.323394025,0.25601737,-0.191094574,3.086656757,L,-4.15,3.22,-4.11,3.18,-1.8,-4.87
260,1.47701E+15,-4.271643926,2.92872733,-0.845529611,-0.012659888,0.014971613,3.694455181,R,-4.283076242,2.877647982,-4.2,2.94,-1.82,-4.86
261,1.47701E+15,-4.321620917,2.556928818,-2.433652211,-0.578418694,0.233345608,4.083647041,L,-4.32,2.55,-4.29,2.7,-1.84,-4.85
262,1.47701E+15,-4.382154204,2.413093297,-1.721234389,-0.844144778,0.455962245,4.308369388,R,-4.384089452,2.404113075,-4.38,2.45,-1.86,-4.84
263,1.47701E+15,-4.608931889,2.091380476,-4.846364387,-3.875304221,0.67451603,4.341563801,L,-4.61,2.09,-4.47,2.21,-1.88,-4.83
264,1.47701E+15,-4.331422856,1.906803047,-3.696886505,-4.250066486,0.854895128,3.6068438,R,-4.297584682,1.927398739,-4.57,1.97,-1.91,-4.82
265,1.47701E+15,-4.858233496,1.526857715,-7.583821466,-6.310803497,0.69403378,-0.351482392,L,-4.87,1.53,-4.66,1.73,-1.93,-4.81
266,1.47701E+15,-5.00552894,1.385104256,-7.435436867,-2.834991235,0.364265948,-4.14836735,R,-4.975980939,1.439449096,-4.76,1.49,-1.96,-4.79
267,1.47701E+15,-4.674694344,1.290249046,1.863661578,0.443410448,0.233581443,-3.259822361,L,-4.67,1.29,-4.86,1.25,-1.99,-4.78
268,1.47701E+15,-4.952291516,1.173005786,1.27336676,0.059652801,0.046812295,-3.564466348,R,-4.985053589,1.123094258,-4.96,1.01,-2.02,-4.76
269,1.47701E+15,-4.850519988,0.833097925,1.570189026,-0.290225972,-0.182772273,-4.15917582,L,-4.85,0.826,-5.06,0.774,-2.05,-4.75
270,1.47701E+15,-4.871037165,0.290134927,0.770719162,-0.409127119,-0.488012682,-5.287811346,R,-4.845805479,0.201666213,-5.17,0.537,-2.08,-4.73
271,1.47701E+15,-5.117317457,0.258501591,-1.978080025,1.896775082,-0.764418536,-5.426933812,L,-5.12,0.257,-5.27,0.301,-2.12,-4.71
272,1.47701E+15,-5.965350858,-0.075418826,-1.922824257,1.876160893,-0.773115668,-2.50457962,R,-6.002959845,-0.290814545,-5.38,0.0655,-2.15,-4.69
273,1.47701E+15,-5.307213747,-0.213873888,4.26996997,-6.300526868,-0.975182915,-3.394269091,L,-5.3,-0.213,-5.49,-0.169,-2.19,-4.67
274,1.47701E+15,-5.660599147,-0.220370114,2.629921905,-3.22465444,-0.886635097,0.271294168,R,-5.648682916,-0.121989013,-5.6,-0.402,-2.23,-4.65
275,1.47701E+15,-5.84756811,-0.445341897,1.117283542,-1.471706153,-0.92144859,-0.288645404,L,-5.85,-0.446,-5.71,-0.634,-2.27,-4.63
276,1.47701E+15,-5.368002727,-0.676765834,0.367940919,-0.468825956,-0.905384312,-0.061913971,R,-5.313658372,-0.70330271,-5.82,-0.865,-2.31,-4.61
277,1.47701E+15,-5.866872438,-1.260090171,1.360197226,-1.941840933,-0.959756409,-0.655641332,L,-5.88,-1.27,-5.94,-1.09,-2.35,-4.58
278,1.47701E+15,-5.708105401,-1.488068595,0.569414279,-0.876732257,-0.994791389,-0.788495213,R,-5.679958357,-1.520681776,-6.06,-1.32,-2.4,-4.55
279,1.47701E+15,-6.260453981,-1.506803152,-1.818770578,3.454362994,-1.086163173,-1.38998392,L,-6.27,-1.51,-6.18,-1.55,-2.44,-4.53
280,1.47701E+15,-6.154430685,-1.641232134,-3.001375089,4.136169425,-0.943067953,1.498726052,R,-6.109505554,-1.767354488,-6.3,-1.78,-2.49,-4.5
281,1.47701E+15,-6.331162042,-2.129155337,1.911848885,-1.019714321,-0.489982404,5.882185849,L,-6.34,-2.14,-6.43,-2,-2.53,-4.47
282,1.47701E+15,-6.91398031,-2.224798239,1.190945313,-0.232115402,-0.192487069,6.025459967,R,-6.989608992,-2.174342692,-6.56,-2.22,-2.58,-4.44
283,1.47701E+15,-6.791483404,-2.445133004,1.237356866,0.092080222,0.074279952,5.625899467,L,-6.79,-2.45,-6.69,-2.44,-2.63,-4.4
284,1.47701E+15,-7.117574261,-2.64637107,0.364180988,0.133715136,0.351885507,5.596119296,R,-7.136602892,-2.699221955,-6.82,-2.66,-2.68,-4.37
285,1.47701E+15,-6.808553563,-3.09140861,-0.985188838,-0.683829799,0.606762253,5.307767848,L,-6.8,-3.1,-6.96,-2.88,-2.73,-4.33
286,1.47701E+15,-7.105366984,-3.228615432,-1.231982858,-1.384713132,0.84369962,4.983383965,R,-7.14439237,-3.204146949,-7.09,-3.1,-2.78,-4.3
287,1.47701E+15,-7.118133053,-3.260946871,-0.483345761,-0.890279005,1.07340898,4.758741125,L,-7.12,-3.26,-7.23,-3.31,-2.83,-4.26
288,1.47701E+15,-7.766936002,-3.927511108,-0.782549976,-2.567693978,1.274971331,4.441446372,R,-7.781348259,-4.066819306,-7.38,-3.52,-2.88,-4.22
289,1.47701E+15,-7.49229677,-3.49320065,0.221581543,5.490050023,1.530457652,4.836905714,L,-7.49,-3.49,-7.52,-3.73,-2.94,-4.17
290,1.47701E+15,-7.690380795,-3.618412638,-4.336673208,7.930069307,2.07122904,9.810427294,R,-7.545464492,-3.847969023,-7.67,-3.94,-2.99,-4.13
291,1.47701E+15,-7.884856747,-4.303933775,-1.298539767,1.427332117,2.308981472,6.939144728,L,-7.88,-4.3,-7.82,-4.15,-3.04,-4.08
292,1.47701E+15,-8.102957754,-4.534948762,-2.17839828,1.12069472,2.66644555,7.058950164,R,-8.100563247,-4.548073777,-7.97,-4.35,-3.1,-4.04
293,1.47701E+15,-8.219823491,-4.801759634,-2.576658683,0.380477675,2.994988861,6.776139923,L,-8.22,-4.8,-8.13,-4.55,-3.15,-3.99
294,1.47701E+15,-8.372344216,-5.086883099,-2.818204329,-0.368383312,3.271571315,6.040194851,R,-8.447608203,-4.967687152,-8.29,-4.75,-3.21,-3.94
295,1.47701E+15,-8.335255672,-5.117896504,-0.545708581,-0.162762011,3.431450621,4.397901729,L,-8.34,-5.11,-8.45,-4.94,-3.27,-3.89
296,1.47701E+15,-8.453607927,-4.970766182,-0.952704262,-0.508607568,3.631957369,4.174041356,R,-8.545265858,-4.797752747,-8.62,-5.14,-3.32,-3.83
297,1.47701E+15,-8.904620691,-5.519461616,-8.307043303,-6.719436984,3.821727429,3.951028079,L,-8.91,-5.52,-8.78,-5.33,-3.38,-3.78
298,1.47701E+15,-8.674706521,-6.366828683,-8.781834066,3.114688687,2.80075995,-10.1619796,R,-9.056566041,-5.698123511,-8.95,-5.51,-3.43,-3.72
299,1.47701E+15,-9.038853889,-5.822920002,5.372314745,8.651568095,1.015104368,-24.95474514,L,-9.03,-5.8,-9.13,-5.7,-3.49,-3.66
300,1.47701E+15,-8.88829748,-5.405875272,8.430525961,-2.833245199,-0.324211352,-26.02106624,R,-8.857586207,-5.450061154,-9.3,-5.88,-3.55,-3.6
301,1.47701E+15,-9.305204381,-5.819892976,0.189117049,1.479525382,-1.697929702,-26.8623949,L,-9.31,-5.82,-9.48,-6.06,-3.6,-3.54
302,1.47701E+15,-9.762374483,-6.310159187,0.802427884,0.169372317,-2.933571264,-25.5936628,R,-9.776388692,-6.427458606,-9.66,-6.23,-3.66,-3.47
303,1.47701E+15,-9.63083135,-6.557533231,0.635023633,-1.198560749,-4.22516952,-25.73162756,L,-9.63,-6.56,-9.85,-6.41,-3.71,-3.4
304,1.47701E+15,-10.39401921,-6.705781718,-1.415894631,-1.200951984,-5.579741207,-26.52473966,R,-10.62542054,-6.392217011,-10,-6.57,-3.77,-3.33
305,1.47701E+15,-10.21268199,-6.818243162,0.418268265,-0.203446526,-6.73589547,-24.55535818,L,-10.2,-6.83,-10.2,-6.74,-3.82,-3.26
306,1.47701E+15,-10.11528207,-6.84317615,-0.340546144,-3.270497514,-7.957734446,-24.50096981,R,-10.19418308,-6.702136324,-10.4,-6.9,-3.88,-3.19
307,1.47701E+15,-10.81695784,-7.286490395,-7.277259415,-4.211905897,-8.900110259,-21.22792796,L,-10.8,-7.29,-10.6,-7.06,-3.93,-3.12
308,1.47701E+15,-11.85701587,-5.540958716,-4.2358476,-6.292599351,-8.446457567,-3.575517071,R,-10.91866373,-6.869700307,-10.8,-7.21,-3.99,-3.04
309,1.47701E+15,-11.2735843,-7.520206251,8.58977054,19.52915321,-5.126764707,36.9330048,L,-11.2,-7.57,-11,-7.36,-4.04,-2.96
310,1.47701E+15,-11.70138712,-6.725836787,16.83459965,-7.601099748,-0.424114344,71.95611941,R,-10.95670667,-7.36142507,-11.2,-7.51,-4.09,-2.88
311,1.47701E+15,-11.09979134,-7.665810873,-32.53342588,19.41620203,2.603523672,62.37927884,L,-11.1,-7.68,-11.4,-7.65,-4.14,-2.8
312,1.47701E+15,-12.23683528,-6.5173436,-41.82525,3.31736391,3.062443486,34.85736846,R,-11.36400737,-7.471233935,-11.6,-7.79,-4.19,-2.71
313,1.47701E+15,-11.47871753,-7.80242571,28.84073021,-6.896977947,-0.234731848,-21.83651893,L,-11.5,-7.82,-11.8,-7.92,-4.24,-2.63
314,1.47701E+15,-11.5029482,-8.492728519,18.62417074,-8.025785949,-0.406885932,-5.377639198,R,-11.94891951,-7.855782741,-12.1,-8.05,-4.29,-2.54
315,1.47701E+15,-12.09233592,-8.098553658,-4.803170453,0.380227397,-0.078997015,1.532647962,L,-12.1,-8.09,-12.3,-8.18,-4.33,-2.45
316,1.47701E+15,-12.40044935,-8.072294899,-4.922120678,0.094210187,-0.019137825,1.32890187,R,-12.44739882,-8.006388862,-12.5,-8.3,-4.38,-2.36
317,1.47701E+15,-12.40177224,-8.256687793,-1.536620662,-0.221395151,0.143094513,2.439951733,L,-12.4,-8.26,-12.7,-8.41,-4.42,-2.26
318,1.47701E+15,-12.69106766,-8.332607857,-1.739866544,-0.456213223,0.25643852,2.331182647,R,-12.783815,-8.22277775,-12.9,-8.52,-4.46,-2.17
319,1.47701E+15,-13.29662639,-8.648510471,-9.765001429,-3.830091472,0.373787097,2.33712639,L,-13.3,-8.65,-13.2,-8.63,-4.5,-2.07
320,1.47701E+15,-13.62875255,-8.788918734,-9.739531923,-2.544748981,0.255567027,-0.360705966,R,-13.7973939,-8.489518335,-13.4,-8.73,-4.54,-1.97
321,1.47701E+15,-13.40363962,-8.584850926,1.266894372,0.020254287,0.015985991,-2.925903246,L,-13.4,-8.58,-13.6,-8.83,-4.58,-1.87
322,1.47701E+15,-13.46647156,-8.452637819,0.860304177,-0.093918353,-0.108738165,-2.67264625,R,-13.62453118,-8.196471812,-13.8,-8.92,-4.62,-1.77
323,1.47701E+15,-13.99528439,-8.978420877,-6.345240868,1.969827841,-0.301008663,-3.351610774,L,-14,-8.99,-14.1,-9,-4.65,-1.67
324,1.47701E+15,-14.41941721,-8.790811533,-6.146694372,2.803925652,-0.427971434,-2.912989055,R,-14.48141993,-8.711973184,-14.3,-9.08,-4.68,-1.56
325,1.47701E+15,-14.39872369,-9.180558944,0.824424616,-0.190439768,-0.227015268,1.10037029,L,-14.4,-9.19,-14.5,-9.16,-4.71,-1.45
326,1.47701E+15,-14.5496813,-9.321568313,0.467503395,-0.088027468,-0.186113601,0.941041442,R,-14.54999997,-9.358819413,-14.8,-9.23,-4.74,-1.35
327,1.47701E+15,-15.09680395,-9.044871545,-8.245470341,1.051595386,-0.126851324,1.082767869,L,-15.1,-9.04,-15,-9.29,-4.76,-1.24
328,1.47701E+15,-15.787295,-9.379229585,-7.881049224,-1.801034917,0.224669233,4.466146031,R,-15.67111406,-9.642415887,-15.3,-9.35,-4.78,-1.13
329,1.47701E+15,-15.70271359,-9.570122533,-2.300724365,-1.266172023,0.503101333,5.121733903,L,-15.7,-9.57,-15.5,-9.41,-4.8,-1.01
330,1.47701E+15,-15.79753668,-9.627032345,-2.078029298,-1.832895919,0.722800925,4.701630012,R,-15.94701549,-9.377776767,-15.7,-9.45,-4.82,-0.899
331,1.47701E+15,-16.092193,-9.603819789,-1.680659493,-1.856302137,0.835016592,3.279278156,L,-16.1,-9.6,-16,-9.5,-4.84,-0.784
332,1.47701E+15,-16.21492772,-9.518977967,-1.653420706,-2.17205058,0.920149401,2.361644755,R,-16.57374528,-8.874174176,-16.2,-9.53,-4.85,-0.669
333,1.47701E+15,-16.39315608,-9.374235333,-0.019067335,-0.025348963,0.925892603,1.062403069,L,-16.4,-9.37,-16.5,-9.56,-4.86,-0.552
334,1.47701E+15,-16.05311862,-9.26542756,-0.263801346,-0.393138586,0.979790328,1.071188352,R,-15.94701549,-9.377776767,-16.7,-9.59,-4.87,-0.434
335,1.47701E+15,-17.08063234,-9.435510979,-5.334556077,-8.062677243,0.986284708,0.525815726,L,-17.1,-9.43,-16.9,-9.61,-4.87,-0.316
336,1.47701E+15,-17.13991012,-10.43139708,-4.793946043,-7.90121823,1.025439295,0.780926263,R,-16.90491326,-10.87354163,-17.2,-9.62,-4.88,-0.196
337,1.47701E+15,-17.48475879,-9.583728949,6.132870266,0.677921611,0.110092094,-10.2601887,L,-17.5,-9.57,-17.4,-9.63,-4.88,-0.0765
338,1.47701E+15,-17.82831684,-9.790905453,5.113184497,-2.455268111,-0.447669307,-10.66256374,R,-18.07967022,-9.449101805,-17.7,-9.63,-4.87,0.0441
339,1.47701E+15,-18.00071296,-9.428998113,-2.320725875,2.00038821,-0.711400403,-7.543198963,L,-18,-9.42,-17.9,-9.62,-4.87,0.165
340,1.47701E+15,-18.26507355,-9.263260612,-1.815134926,3.039246197,-1.032414645,-6.920473936,R,-18.35455827,-9.130180213,-18.2,-9.61,-4.86,0.287
341,1.47701E+15,-18.29345981,-9.603608679,1.093114771,-2.930909478,-1.213814518,-5.014289035,L,-18.3,-9.61,-18.4,-9.59,-4.84,0.408
342,1.47701E+15,-18.25929097,-9.587260489,0.162983575,-0.822003668,-1.375059035,-3.974194544,R,-18.25692188,-9.541740058,-18.6,-9.57,-4.83,0.531
343,1.47701E+15,-18.98482994,-9.518782554,0.187188907,2.826448572,-1.636927354,-4.705502689,L,-19,-9.52,-18.9,-9.54,-4.81,0.653
344,1.47701E+15,-18.62098705,-9.302294029,0.570510472,1.701371213,-1.894337342,-4.9284347,R,-18.71486679,-9.077100909,-19.1,-9.5,-4.79,0.775
345,1.47701E+15,-19.28037075,-9.105114841,0.056062454,0.13744675,-1.958081498,-2.813218839,L,-19.3,-9.1,-19.4,-9.46,-4.76,0.897
346,1.47701E+15,-19.5463097,-9.135959989,-0.113016243,-0.19569573,-2.0945149,-2.76480496,R,-19.70866861,-8.839026065,-19.6,-9.41,-4.74,1.02
347,1.47701E+15,-19.89248865,-8.963726344,-0.255438665,-0.321324407,-2.242453892,-2.877106228,L,-19.9,-8.96,-19.8,-9.36,-4.7,1.14
348,1.47701E+15,-20.01679742,-8.655456511,-0.466042876,-0.428260132,-2.398417638,-3.018351994,R,-20.39029398,-7.712062728,-20.1,-9.3,-4.67,1.26
349,1.47701E+15,-20.20679138,-9.587409651,-9.201120473,-6.850166588,-2.501625575,-2.465928475,L,-20.2,-9.6,-20.3,-9.23,-4.63,1.38
350,1.47701E+15,-20.91628516,-8.938240532,-6.245235288,-9.182475407,-2.168058769,2.807393318,R,-20.52243762,-9.701523281,-20.5,-9.16,-4.59,1.5
351,1.47701E+15,-20.72098081,-8.916385018,1.078938096,-1.269303148,-0.866288349,16.28101312,L,-20.7,-8.92,-20.8,-9.08,-4.55,1.62
352,1.47701E+15,-21.31087453,-9.016425873,1.421029115,-0.014090214,-0.009915175,16.86814674,R,-21.61660546,-8.423916455,-21,-9,-4.5,1.74
353,1.47701E+15,-21.00637597,-8.849328592,2.972658418,2.997531297,0.789564318,16.35354897,L,-21,-8.85,-21.2,-8.91,-4.45,1.86
354,1.47701E+15,-21.85070361,-8.568955535,-5.019042532,11.25973136,1.990111614,21.4462187,R,-21.89613053,-8.532846409,-21.4,-8.81,-4.4,1.98
355,1.47701E+15,-21.49748639,-8.884471505,-0.735659038,1.090317973,2.164353419,11.30795206,L,-21.5,-8.87,-21.7,-8.71,-4.34,2.09
356,1.47701E+15,-21.55787461,-8.627108271,-1.256891539,0.645470761,2.667167606,10.58088454,R,-22.01061068,-7.33300877,-21.9,-8.6,-4.28,2.21
357,1.47701E+15,-21.99507215,-8.577094659,-6.295437919,0.064124389,3.131407155,9.824081231,L,-22,-8.57,-22.1,-8.49,-4.22,2.32
358,1.47701E+15,-21.66836137,-9.122453382,-5.996187718,-1.30424501,3.355768938,6.786008123,R,-22.21983881,-7.650409361,-22.3,-8.37,-4.15,2.43
359,1.47701E+15,-22.57016746,-8.380736084,-2.868270354,3.2180843,2.298782536,-9.374841455,L,-22.6,-8.35,-22.5,-8.25,-4.09,2.54
360,1.47701E+15,-22.45608299,-8.344475886,-0.197338536,5.07333582,1.609673923,-11.78525546,R,-22.26883062,-8.678086348,-22.7,-8.12,-4.01,2.65
361,1.47701E+15,-22.99603034,-7.672318611,5.037141646,10.35352882,1.117995222,-10.65535443,L,-23,-7.67,-22.9,-7.98,-3.94,2.76
362,1.47701E+15,-23.56228358,-7.288866497,8.017132477,7.312370935,0.739456321,-8.912375817,R,-23.27289181,-8.274207309,-23.1,-7.84,-3.86,2.86
363,1.47701E+15,-23.50240706,-7.562024193,0.831462191,-0.130729088,-0.155951234,-14.12039039,L,-23.5,-7.57,-23.3,-7.7,-3.78,2.97
364,1.47701E+15,-23.35691769,-7.445736137,0.412066567,-0.466325498,-0.847090522,-13.95104373,R,-23.46578732,-7.043211302,-23.5,-7.55,-3.7,3.07
365,1.47701E+15,-23.49897386,-7.360613247,-0.054168766,2.148627829,-1.545590801,-13.9620206,L,-23.5,-7.36,-23.7,-7.39,-3.61,3.17
366,1.47701E+15,-23.77510002,-7.257605878,0.977196441,1.582692773,-2.123930975,-12.57426365,R,-23.9872871,-6.679824668,-23.8,-7.23,-3.52,3.26
367,1.47701E+15,-23.89297318,-7.262762046,-0.426543144,-0.211101379,-2.682023612,-11.75654944,L,-23.9,-7.26,-24,-7.06,-3.43,3.36
368,1.47701E+15,-24.09496679,-7.008130098,-0.547781178,0.078460413,-3.283858157,-11.91892288,R,-24.37104995,-6.005158163,-24.2,-6.89,-3.34,3.45
369,1.47701E+15,-24.29983356,-6.449015662,-3.086554115,2.969829483,-3.907720211,-12.24216098,L,-24.3,-6.44,-24.3,-6.72,-3.24,3.54
370,1.47701E+15,-24.93857739,-6.181704181,-2.653660531,3.402679548,-4.050041172,-7.047998148,R,-24.78384328,-7.169456886,-24.5,-6.54,-3.14,3.63
371,1.47701E+15,-24.29346559,-6.429794274,4.093562173,-6.330342091,-4.138367199,-3.990269576,L,-24.3,-6.44,-24.7,-6.36,-3.04,3.71
372,1.47701E+15,-24.4130276,-6.982226283,6.158851373,-2.202830516,-3.485083184,5.840934231,R,-24.56524158,-6.053008029,-24.8,-6.17,-2.94,3.8
373,1.47701E+15,-25.09015301,-5.957940578,-1.25968538,-6.476587569,-1.762896253,22.44454716,L,-25.1,-5.92,-25,-5.98,-2.83,3.87
374,1.47701E+15,-24.69310614,-6.046722627,5.613166869,-2.73823868,-0.453859615,24.48701696,R,-24.88562266,-5.085841612,-25.1,-5.78,-2.73,3.95
375,1.47701E+15,-25.18948165,-5.642099258,3.310243423,6.247363385,1.08354512,28.10049914,L,-25.2,-5.64,-25.2,-5.58,-2.62,4.02
376,1.47701E+15,-25.39100556,-6.072529336,-5.089446322,4.763162613,2.38929887,26.99819974,R,-25.51790919,-5.48145151,-25.4,-5.38,-2.5,4.1
377,1.47701E+15,-25.57424799,-5.11448467,10.01206425,-3.238796771,2.828727636,16.75375009,L,-25.6,-5.1,-25.5,-5.17,-2.39,4.16
378,1.47701E+15,-25.61205698,-4.324197598,8.801747924,-4.408459618,2.677255814,5.1912763,R,-25.08459455,-6.447721775,-25.6,-4.96,-2.28,4.23
379,1.47701E+15,-25.69411175,-4.871535462,-0.440557692,-1.882197701,1.34087007,-13.25263686,L,-25.7,-4.9,-25.7,-4.75,-2.16,4.29
380,1.47701E+15,-25.72705865,-4.912338379,-1.534148134,-1.167788506,0.650628573,-13.57360377,R,-25.81522859,-4.473697919,-25.8,-4.53,-2.04,4.35
381,1.47701E+15,-25.99150991,-4.282260617,1.965280903,-0.365624528,-0.183938967,-15.37861062,L,-26,-4.27,-25.9,-4.31,-1.92,4.4
382,1.47701E+15,-26.83794622,-4.491761196,1.014682929,-1.594247076,-1.003994758,-15.90843738,R,-26.94434359,-4.392305599,-26,-4.09,-1.8,4.45
383,1.47701E+15,-26.12179584,-3.694718796,-0.107278994,3.715505672,-1.541931024,-12.92701871,L,-26.1,-3.68,-26.1,-3.87,-1.68,4.5
384,1.47701E+15,-26.4883106,-3.628627403,1.134036924,3.375955375,-1.894869344,-9.539894919,R,-26.53179891,-3.782016216,-26.2,-3.64,-1.56,4.55
385,1.47701E+15,-25.99988868,-3.252004512,5.992045261,5.980924242,-2.357123334,-9.36922307,L,-26,-3.25,-26.2,-3.41,-1.43,4.59
386,1.47701E+15,-26.15521569,-3.601854855,4.05208254,7.060560041,-2.091806425,-0.89874403,R,-26.33516996,-2.9510715,-26.3,-3.18,-1.31,4.63
387,1.47701E+15,-26.18061814,-2.891032663,-3.969159284,10.29084892,-1.20267978,9.916717834,L,-26.2,-2.88,-26.4,-2.95,-1.18,4.66
388,1.47701E+15,-26.57063749,-2.516213747,-9.719088748,4.102393767,-0.399408826,13.46788548,R,-26.46915644,-3.50339223,-26.4,-2.72,-1.06,4.7
389,1.47701E+15,-26.70269244,-2.739224,-6.187647017,-2.590625174,0.3965028,14.93474727,L,-26.7,-2.74,-26.5,-2.48,-0.928,4.73
390,1.47701E+15,-26.54831228,-2.819308338,-3.050535414,-5.637130749,1.074772834,14.18520935,R,-26.64937071,-1.643484255,-26.5,-2.24,-0.801,4.75
391,1.47701E+15,-26.69286039,-2.17232439,-0.603132746,7.263901242,1.653637817,12.78554667,L,-26.7,-2.17,-26.6,-2.01,-0.673,4.77
392,1.47701E+15,-26.39338785,-2.234650346,-1.589174211,7.058955069,1.792233377,7.391273652,R,-26.36487201,-1.361441886,-26.6,-1.77,-0.546,4.79
393,1.47701E+15,-26.5145197,-1.54422093,1.945895605,10.24544382,1.383103971,-1.640185327,L,-26.5,-1.53,-26.6,-1.53,-0.418,4.81
394,1.47701E+15,-26.60680503,-1.174238319,6.36416988,6.869233467,0.823545461,-7.251164674,R,-26.51150621,-2.167957237,-26.6,-1.29,-0.29,4.82
395,1.47701E+15,-26.60166791,-1.13532065,2.885116295,0.69166313,0.235294325,-9.864414592,L,-26.6,-1.14,-26.6,-1.05,-0.162,4.83
396,1.47701E+15,-27.20227275,-1.221684731,2.783879225,-0.662494278,-0.233629601,-9.568219302,R,-27.24823298,-1.680416486,-26.6,-0.804,-0.0339,4.83
397,1.47701E+15,-26.70538214,-0.610070576,5.185939818,-2.547503939,-0.456609314,-6.610599335,L,-26.7,-0.595,-26.6,-0.563,0.0935,4.83
398,1.47701E+15,-26.95055146,-0.769326408,3.84844556,-4.074793538,-0.813958002,-6.865144551,R,-26.99996576,-0.043001629,-26.6,-0.321,0.221,4.83
399,1.47701E+15,-26.51513144,0.043348609,-2.468830715,1.287986308,-0.48085567,0.966415705,L,-26.5,0.0603,-26.6,-0.0797,0.347,4.83
400,1.47701E+15,-26.96625491,0.133906334,-2.453814114,0.99342369,-0.384679372,1.50757767,R,-26.99996576,0.043001629,-26.6,0.161,0.473,4.82
401,1.47701E+15,-26.60514675,0.567356626,2.420425341,-1.175512941,-0.452113003,-0.14417198,L,-26.6,0.576,-26.6,0.402,0.598,4.81
402,1.47701E+15,-26.77230145,0.431787306,2.294179837,-1.249791013,-0.498815852,-0.595269282,R,-26.7981992,0.310676157,-26.5,0.642,0.723,4.8
403,1.47701E+15,-26.70505592,1.047568814,-2.602767583,0.907711869,-0.335559661,1.639703647,L,-26.7,1.06,-26.5,0.882,0.846,4.78
404,1.47701E+15,-26.13053473,1.362674697,-2.459324282,0.961500698,-0.37269022,0.282202839,R,-25.96542588,2.647009443,-26.5,1.12,0.969,4.76
405,1.47701E+15,-26.39848267,1.421364362,-4.433219453,1.531226845,-0.332569519,0.583243755,L,-26.4,1.42,-26.4,1.36,1.09,4.74
406,1.47701E+15,-26.48853983,1.184037012,-4.437129489,0.600547794,-0.134528534,2.546597912,R,-26.49551062,-0.487767134,-26.4,1.59,1.21,4.71
407,1.47701E+15,-26.40147829,1.778831473,0.550239029,-0.162654673,-0.287421938,-0.693039069,L,-26.4,1.79,-26.3,1.83,1.33,4.68
408,1.47701E+15,-26.34277842,1.781849699,0.563737475,-0.18692795,-0.320177923,-0.671171784,R,-26.33237219,1.888431894,-26.2,2.06,1.45,4.65
409,1.47701E+15,-26.30225871,2.171990264,-1.020773125,0.34514504,-0.326053433,-0.350630263,L,-26.3,2.18,-26.1,2.29,1.56,4.62
410,1.47701E+15,-26.12598242,2.223568468,-0.939070832,0.347352289,-0.35428258,-0.47320809,R,-26.0901781,2.396373626,-26.1,2.52,1.68,4.58
411,1.47701E+15,-26.10359667,2.799384147,-2.611754562,1.231602933,-0.440639104,-1.199164303,L,-26.1,2.81,-26,2.75,1.79,4.54
412,1.47701E+15,-26.32475698,2.934630364,-2.385311521,1.267603929,-0.488467073,-1.06219071,R,-26.33516996,2.9510715,-25.9,2.98,1.91,4.5
413,1.47701E+15,-25.808507,3.410319847,2.014083843,-1.788109083,-0.726035248,-3.198018757,L,-25.8,3.42,-25.8,3.2,2.02,4.46
414,1.47701E+15,-26.1493005,3.360000174,1.600906982,-2.132425347,-0.926818794,-3.648133473,R,-26.13580191,3.725568213,-25.7,3.42,2.12,4.41
415,1.47701E+15,-25.71168774,3.63167858,0.846309913,-1.088125379,-0.909758785,-1.338517166,L,-25.7,3.64,-25.6,3.64,2.23,4.36
416,1.47701E+15,-25.58268756,3.448031148,0.806868878,-1.17714837,-0.969906674,-1.266266913,R,-25.60951129,3.12936598,-25.5,3.86,2.34,4.31
417,1.47701E+15,-25.70335561,3.993981922,-3.987785906,6.024124438,-0.986052746,-0.720112049,L,-25.7,4,-25.3,4.07,2.44,4.26
418,1.47701E+15,-25.26098794,4.338527882,-2.825214277,6.178156279,-1.141895903,-2.040527531,R,-25.30641461,3.865925429,-25.2,4.29,2.54,4.21
419,1.47701E+15,-24.99914862,4.53201792,-1.050393179,2.589514137,-1.185443105,-1.363383778,L,-25,4.53,-25.1,4.49,2.64,4.15
420,1.47701E+15,-24.334095,4.538171043,-0.472348592,2.410968106,-1.377330211,-2.731498142,R,-24.33725748,4.217570175,-25,4.7,2.74,4.09
421,1.47701E+15,-24.98250206,4.881085506,-1.976772945,7.15191501,-1.301131139,-0.267806826,L,-25,4.88,-24.8,4.9,2.83,4.03
422,1.47701E+15,-24.3645406,5.238929975,-0.885177888,6.663861838,-1.438736844,-1.620959743,R,-24.3957482,4.98572662,-24.7,5.1,2.93,3.97
423,1.47701E+15,-24.48815545,5.35255171,-1.623600247,3.306187607,-1.114310724,3.074015995,L,-24.5,5.35,-24.5,5.3,3.02,3.91
424,1.47701E+15,-24.38944422,5.523029682,-1.91587655,2.705245854,-0.954582904,3.158028382,R,-24.44244175,5.250432481,-24.4,5.49,3.11,3.84
425,1.47701E+15,-24.10318425,5.609555177,0.964032146,-1.068928385,-0.836950221,2.696126584,L,-24.1,5.61,-24.2,5.68,3.19,3.78
426,1.47701E+15,-24.37817481,5.425574115,1.114996614,-1.025895838,-0.743803647,2.221175276,R,-24.54255507,4.760566184,-24,5.87,3.28,3.71
427,1.47701E+15,-23.9096275,5.927460278,1.8819803,-1.035547578,-0.503030201,3.722947866,L,-23.9,5.94,-23.9,6.06,3.36,3.64
428,1.47701E+15,-23.66908761,5.973953821,2.054875344,-0.595149177,-0.28191413,4.122819766,R,-23.50561467,6.545691643,-23.7,6.24,3.44,3.57
429,1.47701E+15,-23.59961006,6.283294177,1.722152017,0.009440795,0.00548192,5.063990804,L,-23.6,6.29,-23.5,6.41,3.52,3.5
430,1.47701E+15,-23.72456409,6.425471684,1.684996809,0.506662943,0.292090383,5.45383602,R,-23.69828364,6.599344853,-23.4,6.59,3.6,3.43
431,1.47701E+15,-23.00619337,6.859983591,10.92797518,6.387520291,0.528952575,5.029781722,L,-23,6.86,-23.2,6.76,3.67,3.36
432,1.47701E+15,-22.47347211,6.999549123,11.90799421,1.230363114,0.102957111,-2.825507707,R,-22.76015336,5.850249487,-23,6.92,3.74,3.29
433,1.47701E+15,-22.69475889,7.059646147,0.054710533,0.000968384,0.017698298,-2.176808279,L,-22.7,7.06,-22.8,7.08,3.81,3.21
434,1.47701E+15,-22.38711928,6.916080408,0.182848355,-0.01688486,-0.092082372,-2.187616003,R,-22.41222136,6.726985489,-22.6,7.24,3.88,3.14
435,1.47701E+15,-22.49984369,7.311881911,-2.090576833,0.408710736,-0.193066282,-2.090388601,L,-22.5,7.32,-22.4,7.4,3.95,3.07
436,1.47701E+15,-22.23888599,7.378676352,-1.776620727,0.588542392,-0.319893037,-2.34899088,R,-22.04800277,7.838722714,-22.2,7.55,4.01,2.99
437,1.47701E+15,-22.20216678,7.684826088,-1.230678079,0.665569964,-0.495764551,-3.025455255,L,-22.2,7.69,-22,7.7,4.07,2.92
438,1.47701E+15,-22.01883031,7.962089395,-0.902567433,0.751986542,-0.694638235,-3.575457766,R,-21.62867566,8.930867214,-21.8,7.84,4.13,2.84
439,1.47701E+15,-21.60496215,7.93819229,2.839526112,-3.587198183,-0.901215497,-3.897399053,L,-21.6,7.94,-21.6,7.98,4.19,2.77
440,1.47701E+15,-21.85998531,7.705329534,1.888253784,-4.142688047,-1.143126287,-4.40578102,R,-21.8595583,7.771725084,-21.4,8.12,4.24,2.69
441,1.47701E+15,-21.12003942,7.821811883,2.706109243,-3.161280045,-0.862819479,1.390593164,L,-21.1,7.83,-21.2,8.25,4.29,2.61
442,1.47701E+15,-21.12399974,7.99371399,3.237219287,-2.460599291,-0.649931663,3.08202855,R,-20.62110697,9.248240235,-21,8.38,4.35,2.54
443,1.47701E+15,-21.1030562,8.49862326,-1.591104634,0.37383105,-0.230765182,6.157472059,L,-21.1,8.51,-20.7,8.5,4.39,2.46
444,1.47701E+15,-20.37508372,8.48716002,-1.396582049,-0.156859941,0.111848271,6.582022124,R,-19.88958712,9.402357365,-20.5,8.62,4.44,2.39
445,1.47701E+15,-20.20057991,8.687504673,3.09266982,1.408821992,0.427447998,6.429595272,L,-20.2,8.69,-20.3,8.74,4.49,2.31
446,1.47701E+15,-20.2272785,8.891398883,2.524479106,2.42851796,0.766026227,6.626806029,R,-20.25431438,8.841535455,-20.1,8.86,4.53,2.24
447,1.47701E+15,-20.10584447,8.872542111,0.681953156,1.030252864,0.986081559,5.342868816,L,-20.1,8.87,-19.8,8.97,4.57,2.17
448,1.47701E+15,-19.95218664,8.839594244,0.596931321,1.615674731,1.216889215,4.913146322,R,-19.97936893,8.721514612,-19.6,9.07,4.61,2.09
449,1.47701E+15,-19.51310395,8.969618999,0.49844901,2.225408118,1.350452049,3.614795511,L,-19.5,8.97,-19.4,9.17,4.65,2.02
450,1.47701E+15,-19.02122605,9.514044052,5.177656993,10.33796093,1.106477513,-2.069437634,R,-18.58853928,10.19343944,-19.2,9.27,4.68,1.95
451,1.47701E+15,-18.71196263,9.199763785,0.985941843,0.100327343,0.101408814,-12.50890562,L,-18.7,9.19,-18.9,9.37,4.72,1.88
452,1.47701E+15,-19.12618925,9.276165772,0.993056218,-0.553686452,-0.508627384,-12.32938434,R,-19.34680419,8.910172136,-18.7,9.46,4.75,1.8
453,1.47701E+15,-18.40910518,9.461159066,4.062592361,-7.086957248,-1.050278838,-11.46307825,L,-18.4,9.47,-18.4,9.55,4.78,1.73
454,1.47701E+15,-18.26378017,8.680214367,3.941243436,-11.2546022,-1.233952704,-6.282161931,R,-18.17501487,8.81526146,-18.2,9.63,4.81,1.67
455,1.47701E+15,-17.81937509,9.705646238,-8.769368388,1.259299468,-0.142627009,9.991432233,L,-17.8,9.72,-18,9.72,4.84,1.6
456,1.47701E+15,-17.59981992,9.374859364,-6.820048643,-4.937747846,0.626655551,13.19576382,R,-17.25383176,9.915406684,-17.7,9.79,4.86,1.53
457,1.47701E+15,-17.29835479,9.874983222,1.493386946,4.417468248,1.24479424,12.84194928,L,-17.3,9.88,-17.5,9.87,4.89,1.46
458,1.47701E+15,-17.41413765,9.874387309,-0.68052146,3.4715123,1.764371932,11.47486203,R,-17.13777507,10.31002744,-17.2,9.94,4.91,1.4
459,1.47701E+15,-16.91171789,10.08768992,1.717352414,-3.480169677,2.029204705,7.924567456,L,-16.9,10.1,-17,10,4.93,1.33
460,1.47701E+15,-16.47006414,10.27065694,2.853547275,-2.610966011,2.400557472,7.618448145,R,-16.52280504,10.16646023,-16.7,10.1,4.96,1.27
461,1.47701E+15,-16.4968216,10.30883098,0.493333927,-0.308575157,2.582641465,5.324622651,L,-16.5,10.3,-16.5,10.1,4.97,1.21
462,1.47701E+15,-16.278869,10.3919959,0.747924572,-0.223275952,2.851487447,5.353366574,R,-16.1268634,10.60255992,-16.2,10.2,4.99,1.15
463,1.47701E+15,-16.00224609,10.2067429,3.94185536,-0.209457179,3.088505881,4.997310911,L,-16,10.2,-16,10.3,5.01,1.09
464,1.47701E+15,-15.71949321,10.56150694,3.963563596,0.124828461,3.173076244,3.085003076,R,-15.79262789,10.38281775,-15.7,10.3,5.03,1.03
465,1.47701E+15,-15.60475484,10.21931748,1.331070716,-0.34977476,2.884625204,-2.038231019,L,-15.6,10.2,-15.5,10.4,5.04,0.975
466,1.47701E+15,-14.73309101,10.2838976,1.482196653,-0.526783864,2.800108574,-1.827555931,R,-14.23262897,10.85551807,-15.2,10.4,5.06,0.92
467,1.47701E+15,-14.89763007,10.50074413,-2.634421401,1.257393415,2.696274319,-1.971784324,L,-14.9,10.5,-15,10.4,5.07,0.866
468,1.47701E+15,-14.68772777,9.804403713,-2.157134018,1.162500144,2.64730403,-1.400852996,R,-14.70636248,9.668655681,-14.7,10.5,5.08,0.813
469,1.47701E+15,-14.40974485,10.18630878,0.196946075,-0.197977868,2.353581858,-3.990822354,L,-14.4,10.2,-14.5,10.5,5.09,0.762
470,1.47701E+15,-14.09684737,10.23217417,0.389839883,-0.581860793,2.16109495,-3.910154639,R,-13.8350695,10.55229131,-14.2,10.6,5.1,0.713
471,1.47701E+15,-13.80906967,10.89181745,-2.338519643,4.978700794,2.009915395,-3.396878378,L,-13.8,10.9,-14,10.6,5.11,0.665
472,1.47701E+15,-13.6488349,10.57898017,-0.086747648,3.939363567,1.592813495,-6.031877239,R,-13.35700888,10.83652684,-13.7,10.6,5.12,0.618
473,1.47701E+15,-13.41170897,10.60078083,0.629814588,1.129512467,1.06213797,-8.684395435,L,-13.4,10.6,-13.5,10.7,5.13,0.574
474,1.47701E+15,-13.16753217,10.63029018,1.339704678,0.898046016,0.590535388,-9.113256072,R,-13.01690819,10.77822347,-13.2,10.7,5.14,0.53
475,1.47701E+15,-12.99901445,10.99606971,5.392785623,0.920737579,0.169104484,-8.716890476,L,-13,11,-12.9,10.7,5.14,0.489
476,1.47701E+15,-12.46281932,10.99766753,5.105891581,-1.589455791,-0.301789782,-9.093768734,R,-12.24073568,11.2126888,-12.7,10.7,5.15,0.448
477,1.47701E+15,-12.39809833,10.60370132,2.584153326,-3.116952984,-0.878582988,-10.50760922,L,-12.4,10.6,-12.4,10.8,5.16,0.41
478,1.47701E+15,-12.28570165,10.55770716,1.228521987,-3.804118725,-1.25842402,-8.7702026,R,-11.94577819,10.94250352,-12.2,10.8,5.16,0.373
479,1.47701E+15,-11.91610056,11.09193878,-1.098471546,4.594301812,-1.33610786,-4.592192834,L,-11.9,11.1,-11.9,10.8,5.17,0.338
480,1.47701E+15,-11.16966969,10.79955631,-0.277523958,-3.834733051,-1.643041501,-5.205644571,R,-11.00178462,10.91836687,-11.7,10.8,5.17,0.305
481,1.47701E+15,-11.50021347,10.89851652,0.023812823,0.069344759,-1.901577197,-5.185412428,L,-11.5,10.9,-11.4,10.8,5.17,0.273
482,1.47701E+15,-11.2822536,10.67301484,0.469158294,0.696353071,-2.163677288,-5.219604594,R,-11.32433607,10.58344994,-11.1,10.8,5.18,0.243
483,1.47701E+15,-10.6100446,10.70352245,4.772191167,3.802377052,-2.468819421,-5.730955622,L,-10.6,10.7,-10.9,10.9,5.18,0.214
484,1.47701E+15,-10.52667303,10.86403733,4.035303958,5.224104349,-2.228504652,0.305321826,R,-10.68123877,10.81439496,-10.6,10.9,5.18,0.188
485,1.47701E+15,-10.38876594,10.89428798,0.719977488,3.240318818,-1.789437816,5.213068545,L,-10.4,10.9,-10.4,10.9,5.19,0.163
486,1.47701E+15,-10.06840354,11.10103094,-0.095177621,-1.137766156,-1.654255072,3.438487726,R,-9.881786699,11.28495865,-10.1,10.9,5.19,0.14
487,1.47701E+15,-9.837384503,11.09877463,0.121346049,-0.920255155,-1.439691384,3.932279516,L,-9.83,11.1,-9.84,10.9,5.19,0.118
488,1.47701E+15,-9.905396806,10.62585396,0.46582658,-1.504910649,-1.270612481,3.590850984,R,-10.18933961,10.31636362,-9.58,10.9,5.19,0.0986
489,1.47701E+15,-9.325234592,10.99094922,0.293876853,-0.408435283,-0.947090278,5.258516107,L,-9.31,11,-9.32,10.9,5.19,0.0807
490,1.47701E+15,-9.136262556,10.53015076,0.653254705,-0.550390949,-0.700145142,5.071297608,R,-9.261236696,10.36530245,-9.06,10.9,5.2,0.0646
491,1.47701E+15,-8.795582392,11.08708985,2.238484872,-0.894234423,-0.380059749,5.840943097,L,-8.79,11.1,-8.8,10.9,5.2,0.0502
492,1.47701E+15,-8.555201259,10.39075481,2.452261007,-0.69350611,-0.275605779,3.672081768,R,-8.827729451,10.08122972,-8.54,10.9,5.2,0.0377
493,1.47701E+15,-8.618786916,10.69334955,-0.246285022,-0.00102314,0.004154267,4.787761937,L,-8.62,10.7,-8.28,10.9,5.2,0.0269
494,1.47701E+15,-8.266438055,10.81978274,0.127121114,0.03139317,0.242110549,4.767581537,R,-7.893261339,11.07503614,-8.02,10.9,5.2,0.018
495,1.47701E+15,-7.527346561,11.00241282,9.337919706,4.817041475,0.476253452,4.717962355,L,-7.52,11,-7.76,10.9,5.2,0.0108
496,1.47701E+15,-7.106086311,10.82976999,9.868484745,0.011754996,0.001191165,-3.820763756,R,-7.275407243,10.65262641,-7.5,10.9,5.2,0.00539
497,1.47701E+15,-7.156537406,10.79975755,1.861729342,-0.331193907,-0.176054069,-3.66100814,L,-7.16,10.8,-7.24,10.9,5.2,0.0018
498,1.47701E+15,-7.318758566,11.06072429,1.927756491,-0.622136402,-0.312173424,-3.146437694,R,-7.390798645,11.05740003,-6.98,10.9,5.2,-7.85E-15
